Year,Month,Temperature,Wind Speed,Relative Humidity,Rainfall
1940,January,24.16,-0.761,83.37,144.82
1941,January,24.539,-0.232,85.104,208.97
1942,January,24.094,-0.274,88.554,340.52
1943,January,24.09,-2.191,76.025,33.22
1944,January,23.978,-1.789,81.509,88.29
1945,January,24.427,0.341,86.987,292.21
1946,January,24.17,0.28,86.934,220.97
1947,January,24.68,-0.777,87.577,207.23
1948,January,23.647,-1.952,87.52,231.84
1949,January,24.272,-1.397,75.498,12.83
1950,January,25.543,-0.543,78.408,28.5
1951,January,24.105,-1.218,85.596,159.86
1952,January,24.845,-1.795,86.635,257.24
1953,January,24.439,-1.705,87.503,187.27
1954,January,24.85,-0.388,87.356,285.31
1955,January,23.741,-1.634,88.628,307.59
1956,January,24.056,-0.833,86.259,216.75
1957,January,24.335,-1.274,84.881,139.58
1958,January,24.891,-1.607,83.997,104.76
1959,January,24.375,-2.012,85.522,159.28
1960,January,24.541,-0.659,84.516,169.75
1961,January,24.368,-1.741,82.368,120.32
1962,January,24.316,-1.124,84.704,176.99
1963,January,24.014,-1.572,80.512,96.22
1964,January,24.939,-0.802,85.682,201.99
1965,January,23.762,-1.904,77.823,84.33
1966,January,24.465,-0.151,87.832,250.63
1967,January,24.409,0.169,85.576,188.33
1968,January,24.193,-1.234,82.494,73.14
1969,January,25.28,-0.996,84.335,119.15
1970,January,24.499,-1.044,85.667,239.43
1971,January,24.019,-0.862,84.185,145.87
1972,January,24.275,-1.557,79.698,71.43
1973,January,25.052,-1.192,84.224,160.99
1974,January,24.313,-1.482,78.926,29.15
1975,January,24.965,-0.795,83.688,135.11
1976,January,24.245,-1.709,76.273,26.9
1977,January,25.012,-1.316,80.377,84.19
1978,January,25.017,-1.015,83.373,120.83
1979,January,24.868,-1.804,83.573,100.03
1980,January,25.071,-1.009,82.955,114.94
1981,January,24.626,-1.375,79.088,59.94
1982,January,24.48,-1.369,80.849,104.36
1983,January,24.877,-1.81,86.752,169.82
1984,January,24.014,-0.888,87.727,319.04
1985,January,24.65,-1.515,83.971,133.8
1986,January,24.226,-1.295,84.755,276.0
1987,January,24.23,-1.141,86.64,312.5
1988,January,25.157,-1.058,86.502,187.13
1989,January,24.942,-1.491,86.984,257.28
1990,January,24.819,-0.703,84.396,146.74
1991,January,24.827,-0.863,86.165,179.38
1992,January,24.644,-2.195,84.419,125.77
1993,January,24.771,-1.57,85.546,380.8
1994,January,25.027,-1.275,82.366,129.33
1995,January,24.778,-1.27,87.2,259.68
1996,January,24.405,-1.106,82.114,145.76
1997,January,25.111,-2.014,77.199,24.35
1998,January,25.646,-1.796,86.026,225.98
1999,January,25.014,-0.414,86.902,269.79
2000,January,24.559,-0.99,86.953,279.49
2001,January,25.087,-0.33,85.645,289.67
2002,January,24.766,-1.966,84.422,166.04
2003,January,24.888,-1.105,85.376,257.9
2004,January,25.173,-1.84,84.446,180.0
2005,January,24.729,-1.796,81.569,196.8
2006,January,24.996,-0.813,84.459,219.44
2007,January,24.807,-0.292,86.022,301.19
2008,January,24.987,-0.714,86.323,253.9
2009,January,24.732,-1.178,81.239,104.54
2010,January,25.486,-1.144,83.642,200.58
2011,January,24.469,-0.73,86.646,315.4
2012,January,25.292,-0.227,84.773,138.02
2013,January,25.356,-0.71,84.342,158.3
2014,January,24.535,-1.349,80.487,73.79
2015,January,24.906,-1.111,81.532,215.12
2016,January,26.029,-1.69,86.283,219.08
2017,January,25.713,-0.184,85.915,292.03
2018,January,25.11,0.451,86.912,382.54
2019,January,26.031,-0.49,82.082,130.2
2020,January,25.861,-1.444,83.584,125.7
2021,January,24.688,-1.071,85.331,261.35
2022,January,25.721,-1.008,80.212,156.3
1940,February,24.579,-1.519,79.811,56.62
1941,February,25.042,-1.264,83.538,137.64
1942,February,24.755,-0.649,84.699,142.27
1943,February,24.485,-1.903,77.212,47.11
1944,February,24.597,-1.382,76.855,48.01
1945,February,24.539,-0.045,88.631,397.52
1946,February,23.771,-0.024,89.817,447.77
1947,February,24.855,-0.841,86.307,178.69
1948,February,24.535,-1.444,83.753,61.18
1949,February,24.816,-0.537,75.694,46.47
1950,February,25.473,-0.861,83.574,133.29
1951,February,24.828,-0.98,84.955,133.16
1952,February,25.429,-1.493,85.67,99.34
1953,February,24.696,-0.685,86.207,201.28
1954,February,24.829,-1.432,86.608,240.08
1955,February,25.119,-1.383,82.746,76.6
1956,February,24.905,-0.947,84.716,156.14
1957,February,24.828,-1.252,83.365,118.57
1958,February,24.932,-1.518,84.393,144.1
1959,February,25.203,-1.851,84.552,144.9
1960,February,24.666,-1.565,83.979,122.39
1961,February,25.166,-1.464,81.355,112.85
1962,February,24.55,-1.997,81.246,83.0
1963,February,23.901,-2.177,84.757,154.5
1964,February,24.777,-1.716,87.619,203.69
1965,February,24.66,-1.179,85.584,178.07
1966,February,24.983,-0.753,86.517,236.58
1967,February,24.346,-1.381,83.848,176.77
1968,February,24.916,-2.223,77.02,34.91
1969,February,25.322,-1.236,83.559,86.47
1970,February,24.829,-2.027,83.106,113.76
1971,February,24.504,-0.849,83.577,108.41
1972,February,25.376,-0.677,81.411,107.55
1973,February,25.617,-1.758,82.515,77.87
1974,February,24.64,-1.085,84.622,183.28
1975,February,25.074,-0.92,82.827,200.27
1976,February,25.57,-1.893,74.268,42.24
1977,February,24.448,-1.395,83.24,143.29
1978,February,25.438,-2.12,81.143,88.92
1979,February,25.7,-1.414,84.241,147.19
1980,February,25.307,-1.948,83.761,99.3
1981,February,25.214,-1.184,83.368,113.38
1982,February,25.446,-1.55,81.978,112.82
1983,February,25.794,-2.369,81.153,57.4
1984,February,24.388,-0.678,88.573,497.21
1985,February,25.662,-0.868,86.911,284.23
1986,February,25.027,-1.31,82.751,131.07
1987,February,24.955,-1.989,80.879,67.18
1988,February,25.804,-0.986,85.207,200.51
1989,February,25.118,-1.467,79.648,89.32
1990,February,25.474,-2.608,85.127,131.22
1991,February,25.53,-0.969,83.11,88.81
1992,February,25.509,-1.684,84.036,185.05
1993,February,25.175,-1.944,79.052,77.61
1994,February,25.542,-1.187,83.994,196.44
1995,February,24.659,-1.669,87.476,344.06
1996,February,24.563,-1.85,84.683,163.94
1997,February,25.432,-0.785,83.016,207.69
1998,February,26.535,-1.972,81.962,113.87
1999,February,25.316,-0.995,82.491,91.59
2000,February,25.321,-0.915,84.099,220.46
2001,February,25.203,-0.395,83.56,170.25
2002,February,25.187,-1.909,81.071,83.11
2003,February,25.36,-1.563,83.807,131.15
2004,February,25.564,-1.918,80.14,65.15
2005,February,26.598,-2.268,75.467,73.86
2006,February,25.482,-1.121,84.904,149.49
2007,February,25.321,-1.393,82.46,133.36
2008,February,25.103,-0.908,81.623,83.31
2009,February,25.905,-0.564,80.09,115.74
2010,February,26.511,-1.903,80.708,71.46
2011,February,25.469,-1.257,81.379,48.07
2012,February,25.619,-1.016,84.695,247.92
2013,February,25.029,-0.374,88.19,413.47
2014,February,25.699,-2.042,76.6,17.04
2015,February,24.982,-2.145,80.311,132.56
2016,February,25.606,-1.992,85.165,154.2
2017,February,25.373,-0.915,84.588,213.19
2018,February,25.462,-1.825,79.993,63.13
2019,February,26.407,-2.187,78.694,59.54
2020,February,25.941,-2.027,81.914,102.94
2021,February,25.681,-1.882,77.5,18.42
2022,February,25.762,-0.832,83.928,168.06
1940,March,25.694,-1.531,79.569,89.97
1941,March,25.555,0.053,85.387,225.4
1942,March,25.372,-1.028,83.932,140.38
1943,March,24.785,-1.183,79.956,105.69
1944,March,25.229,-1.382,78.52,76.47
1945,March,24.199,0.758,88.523,419.46
1946,March,25.343,-0.036,85.105,220.49
1947,March,25.345,-0.83,86.011,210.64
1948,March,25.6,-1.419,80.749,72.14
1949,March,25.799,-1.566,70.292,15.67
1950,March,26.05,-0.956,83.696,157.01
1951,March,25.222,-2.071,83.181,108.97
1952,March,25.752,-0.804,86.048,237.69
1953,March,25.404,-0.726,86.218,296.35
1954,March,25.43,-0.451,85.513,214.75
1955,March,25.475,-1.373,84.149,139.71
1956,March,25.571,-0.976,84.136,165.7
1957,March,25.335,-0.856,85.097,302.29
1958,March,25.827,-1.012,83.581,190.22
1959,March,25.522,-1.094,83.504,171.35
1960,March,25.81,-0.358,81.311,137.32
1961,March,26.098,-1.779,78.844,89.82
1962,March,25.415,-0.858,84.043,264.25
1963,March,25.407,-2.067,81.718,86.15
1964,March,25.501,-1.025,84.728,168.34
1965,March,25.045,-0.441,84.104,151.96
1966,March,25.894,0.009,84.5,200.56
1967,March,25.095,-1.171,81.745,74.97
1968,March,25.35,-1.666,83.948,231.93
1969,March,26.001,-1.268,83.284,203.87
1970,March,26.153,-0.826,80.528,150.06
1971,March,25.217,-0.818,83.285,120.27
1972,March,25.599,-1.481,78.789,108.99
1973,March,26.079,-0.889,82.209,157.82
1974,March,25.298,-1.751,80.235,106.92
1975,March,25.99,-0.477,81.543,123.45
1976,March,26.297,-1.375,77.054,94.78
1977,March,25.267,-2.02,82.217,79.77
1978,March,26.509,-1.301,82.472,230.6
1979,March,26.616,-0.96,81.364,114.66
1980,March,26.26,-0.845,82.185,194.01
1981,March,25.837,-2.172,84.505,173.49
1982,March,25.897,-0.633,83.788,244.74
1983,March,27.083,-2.203,76.797,39.44
1984,March,25.192,-0.684,87.024,294.11
1985,March,25.333,-0.456,87.142,272.35
1986,March,25.187,-0.848,87.077,347.44
1987,March,25.921,-1.615,85.51,214.75
1988,March,26.132,-0.583,86.406,309.36
1989,March,25.491,-0.541,85.058,300.83
1990,March,26.375,-1.88,80.254,73.91
1991,March,26.215,-1.558,81.773,164.79
1992,March,26.192,-1.606,84.072,187.01
1993,March,25.442,-1.417,84.919,288.22
1994,March,25.312,-0.952,87.476,403.66
1995,March,25.974,-1.016,82.927,243.85
1996,March,25.68,-1.819,82.606,200.27
1997,March,25.794,-1.707,82.713,171.84
1998,March,26.95,-1.787,82.658,176.74
1999,March,26.067,0.351,85.579,344.24
2000,March,26.074,-0.458,84.051,249.76
2001,March,26.113,0.284,84.024,227.64
2002,March,26.14,-1.545,81.418,139.49
2003,March,26.446,-1.51,81.421,162.77
2004,March,26.234,-1.213,83.11,241.83
2005,March,26.53,-2.042,78.972,150.9
2006,March,26.532,-0.722,79.367,128.9
2007,March,25.839,-0.061,84.773,260.23
2008,March,25.084,-0.948,87.852,407.34
2009,March,25.983,-0.063,84.449,349.98
2010,March,26.521,-1.195,82.304,266.74
2011,March,25.778,0.221,84.883,240.08
2012,March,25.959,0.512,84.412,287.78
2013,March,26.331,-1.002,83.673,163.19
2014,March,26.388,-1.911,77.858,110.69
2015,March,26.115,-1.666,80.753,164.45
2016,March,26.625,-2.041,82.904,135.57
2017,March,25.917,-0.823,84.113,250.97
2018,March,26.381,-1.293,81.585,155.55
2019,March,26.942,-1.206,77.462,144.91
2020,March,26.859,-1.593,81.485,176.59
2021,March,26.164,-1.22,82.589,359.29
2022,March,26.715,-0.553,83.375,240.65
1940,April,25.645,0.153,85.091,207.66
1941,April,25.965,1.034,86.585,194.14
1942,April,25.477,-0.425,86.093,209.89
1943,April,25.418,-1.106,79.169,70.09
1944,April,25.54,-0.186,83.854,201.69
1945,April,25.454,0.402,85.709,190.94
1946,April,25.482,0.343,86.412,243.99
1947,April,25.909,0.166,85.842,190.77
1948,April,26.155,-1.099,81.816,100.93
1949,April,26.601,-1.76,67.972,1.03
1950,April,26.121,0.182,86.139,208.17
1951,April,26.163,-1.17,84.224,122.57
1952,April,25.853,-0.717,86.487,218.41
1953,April,26.07,0.058,86.213,234.77
1954,April,25.784,1.403,87.808,324.84
1955,April,25.897,0.307,85.759,242.96
1956,April,26.133,0.908,85.36,232.73
1957,April,25.797,-0.25,86.758,259.15
1958,April,26.537,-0.884,82.964,143.51
1959,April,25.991,-0.019,85.526,235.62
1960,April,26.437,0.523,83.257,192.04
1961,April,26.539,0.114,83.35,199.76
1962,April,26.398,-0.32,81.706,175.27
1963,April,26.547,-2.369,77.4,71.53
1964,April,26.476,-0.819,84.033,174.63
1965,April,25.723,-0.379,86.317,259.27
1966,April,26.459,-0.368,85.296,210.51
1967,April,25.685,-0.164,86.076,251.08
1968,April,25.945,-1.035,83.487,137.16
1969,April,26.276,-0.866,85.079,177.44
1970,April,26.301,-0.405,85.43,206.29
1971,April,26.579,-1.21,79.393,78.57
1972,April,26.05,-0.452,83.951,214.53
1973,April,27.003,0.111,83.001,172.4
1974,April,26.533,-0.876,82.537,184.48
1975,April,26.62,-0.308,83.447,236.1
1976,April,26.321,-0.252,81.554,209.08
1977,April,26.676,-1.657,82.162,118.21
1978,April,26.825,-0.536,81.141,156.39
1979,April,26.635,-0.06,85.499,265.45
1980,April,26.534,-0.655,85.52,242.83
1981,April,26.396,-0.673,86.063,239.06
1982,April,26.22,0.026,85.814,248.91
1983,April,27.691,-1.615,78.245,108.08
1984,April,25.992,0.08,87.388,330.4
1985,April,26.581,0.43,85.553,172.79
1986,April,26.096,-0.359,86.396,322.54
1987,April,26.388,-0.812,85.308,237.0
1988,April,26.575,-0.535,85.96,232.6
1989,April,26.346,0.948,84.8,230.6
1990,April,27.019,-0.514,84.328,251.83
1991,April,26.488,0.083,84.993,263.09
1992,April,27.047,-0.47,83.213,209.55
1993,April,26.395,-0.221,83.996,257.9
1994,April,26.455,0.124,84.77,235.8
1995,April,26.401,-0.418,84.769,258.42
1996,April,26.486,0.07,84.209,284.28
1997,April,26.031,-0.623,84.504,300.11
1998,April,27.234,-1.604,84.017,177.21
1999,April,27.036,1.225,83.33,171.78
2000,April,26.556,0.318,84.38,268.93
2001,April,26.231,0.605,86.504,314.37
2002,April,26.677,-0.803,83.249,203.02
2003,April,26.623,-0.363,84.197,313.81
2004,April,27.18,-1.37,80.84,205.77
2005,April,26.82,-0.729,82.181,191.11
2006,April,26.651,0.332,82.368,299.32
2007,April,26.255,-0.137,85.137,330.1
2008,April,26.198,0.196,85.254,331.34
2009,April,26.844,0.499,84.54,183.9
2010,April,26.988,-0.455,84.189,247.26
2011,April,26.257,-0.409,84.129,247.77
2012,April,26.735,0.474,82.988,289.0
2013,April,26.841,0.547,84.824,240.73
2014,April,26.868,0.251,82.271,217.04
2015,April,26.513,-0.62,83.911,269.06
2016,April,27.494,-1.051,82.97,245.65
2017,April,26.481,0.803,85.152,329.3
2018,April,26.79,-0.989,83.138,243.35
2019,April,27.112,-0.649,83.039,199.7
2020,April,26.966,-1.203,82.29,265.84
2021,April,26.555,0.328,83.325,327.35
2022,April,26.809,0.129,83.951,223.73
1940,May,26.193,0.007,86.106,220.19
1941,May,26.006,0.113,87.041,336.45
1942,May,26.442,0.304,85.272,202.92
1943,May,26.229,-1.019,82.702,143.44
1944,May,25.556,-0.733,86.588,227.53
1945,May,26.017,0.556,86.516,178.21
1946,May,25.952,-0.401,85.234,168.46
1947,May,25.945,-0.29,86.671,224.74
1948,May,25.881,-0.316,86.592,140.61
1949,May,26.94,-1.445,64.743,0.48
1950,May,26.317,-0.012,86.36,197.32
1951,May,26.349,-0.831,84.734,85.8
1952,May,26.423,-0.271,86.563,155.26
1953,May,26.112,-0.04,86.296,201.8
1954,May,26.153,0.623,87.447,185.55
1955,May,26.936,0.884,83.668,169.39
1956,May,26.275,0.232,86.204,239.06
1957,May,25.9,0.117,88.147,299.18
1958,May,26.714,0.809,85.844,262.7
1959,May,26.439,-0.158,86.453,226.51
1960,May,27.021,-0.255,83.351,172.54
1961,May,27.043,0.282,82.165,167.46
1962,May,27.136,-0.266,82.543,185.48
1963,May,26.866,-0.704,83.186,158.69
1964,May,27.005,0.857,83.973,176.09
1965,May,26.291,0.288,85.731,205.23
1966,May,26.359,0.139,86.224,225.22
1967,May,26.228,-0.261,85.775,285.24
1968,May,26.319,0.611,84.897,180.88
1969,May,26.707,-0.447,85.051,233.56
1970,May,26.541,0.282,86.327,246.33
1971,May,26.603,0.264,83.479,190.34
1972,May,26.608,0.157,83.635,155.14
1973,May,27.032,0.02,82.148,176.85
1974,May,26.736,-0.242,82.055,181.64
1975,May,26.751,0.159,83.531,166.79
1976,May,26.586,-0.317,83.469,151.26
1977,May,27.039,-0.722,82.393,177.73
1978,May,27.309,-0.097,83.949,162.08
1979,May,27.386,0.419,82.889,134.15
1980,May,27.006,-0.633,85.264,177.85
1981,May,26.564,-0.21,86.792,226.17
1982,May,26.583,-0.091,85.483,183.83
1983,May,27.065,-0.324,84.987,256.08
1984,May,26.131,0.015,86.446,316.5
1985,May,26.585,-0.185,85.999,226.82
1986,May,26.838,-0.717,84.643,201.56
1987,May,26.437,-0.151,85.591,234.92
1988,May,27.27,-0.39,85.796,235.04
1989,May,26.901,0.091,85.492,259.1
1990,May,27.404,0.321,84.005,240.59
1991,May,26.155,-0.472,87.849,310.07
1992,May,26.822,0.442,85.159,259.15
1993,May,26.687,-0.113,84.578,297.23
1994,May,26.454,0.071,85.759,230.89
1995,May,26.931,-0.574,84.484,229.53
1996,May,26.849,-0.203,84.814,180.57
1997,May,27.088,-0.387,83.338,153.98
1998,May,27.582,-1.071,85.264,256.84
1999,May,26.466,0.104,84.387,248.17
2000,May,27.323,0.456,82.559,124.64
2001,May,26.949,-0.383,84.601,202.35
2002,May,27.126,-0.641,83.614,186.67
2003,May,27.472,-0.653,82.101,140.61
2004,May,27.625,0.142,81.043,161.08
2005,May,27.076,-0.079,83.38,208.26
2006,May,26.609,0.509,83.619,243.85
2007,May,26.771,-0.323,84.856,255.55
2008,May,26.667,-0.33,83.71,171.78
2009,May,27.345,0.488,83.199,160.72
2010,May,27.614,-0.134,84.323,243.02
2011,May,26.947,0.373,84.123,240.3
2012,May,27.202,0.515,82.95,214.45
2013,May,26.936,0.007,84.584,271.99
2014,May,27.14,0.012,85.188,312.84
2015,May,26.763,-0.47,84.874,243.02
2016,May,27.469,-0.019,84.131,323.08
2017,May,27.061,-0.075,84.723,290.72
2018,May,26.954,-0.668,83.111,237.59
2019,May,27.219,0.365,84.612,211.85
2020,May,27.239,-0.195,85.022,270.52
2021,May,26.954,-0.482,84.895,315.27
2022,May,27.697,0.014,81.322,185.36
1940,June,26.484,-0.695,83.67,119.87
1941,June,26.522,-0.539,82.936,106.22
1942,June,26.399,-0.095,84.487,143.35
1943,June,26.895,-1.279,81.657,73.41
1944,June,26.116,-1.25,82.42,76.52
1945,June,26.051,-0.492,85.02,153.14
1946,June,26.337,-1.157,81.666,92.43
1947,June,26.161,-0.855,83.832,207.37
1948,June,25.857,-0.86,86.519,180.09
1949,June,25.956,-0.845,74.509,28.11
1950,June,26.121,0.079,86.083,208.56
1951,June,26.29,-0.898,83.476,87.43
1952,June,26.116,-0.235,84.862,100.26
1953,June,25.981,-0.921,86.799,161.64
1954,June,26.093,0.265,85.849,234.39
1955,June,26.644,0.182,82.736,141.5
1956,June,26.356,0.163,83.117,122.39
1957,June,26.67,-0.491,83.181,148.87
1958,June,26.825,-0.348,84.926,116.8
1959,June,26.305,-0.057,85.584,227.74
1960,June,26.731,-0.667,81.697,120.34
1961,June,26.59,0.284,80.07,121.06
1962,June,26.536,-0.004,81.567,144.48
1963,June,26.768,-0.904,80.652,96.2
1964,June,26.512,-0.506,83.043,133.56
1965,June,26.293,-0.227,84.358,137.73
1966,June,25.901,-0.497,84.357,180.29
1967,June,25.966,-0.355,84.674,137.56
1968,June,26.341,-0.116,85.081,204.49
1969,June,26.472,-0.088,84.836,170.0
1970,June,26.607,-0.435,83.713,165.21
1971,June,26.438,-0.006,83.053,138.92
1972,June,26.389,-1.045,83.029,141.04
1973,June,26.974,-0.029,83.635,144.41
1974,June,26.47,-0.678,82.281,161.77
1975,June,26.771,-0.859,81.709,123.64
1976,June,26.24,-0.648,83.12,140.77
1977,June,26.782,-0.269,83.54,146.49
1978,June,27.325,0.195,80.923,131.21
1979,June,26.762,-0.049,84.756,201.12
1980,June,26.845,-0.459,84.628,155.88
1981,June,27.01,-0.243,83.834,83.89
1982,June,26.872,-0.987,83.273,93.95
1983,June,26.95,-0.526,84.237,148.71
1984,June,26.109,-0.096,85.893,172.19
1985,June,27.165,0.555,80.908,72.22
1986,June,26.685,-0.118,84.909,169.84
1987,June,27.167,-0.578,83.442,173.05
1988,June,26.764,-0.338,83.98,193.65
1989,June,26.841,0.226,82.217,169.04
1990,June,27.259,0.244,82.759,155.06
1991,June,27.154,-1.018,82.287,162.03
1992,June,27.082,-0.335,84.554,172.35
1993,June,27.109,-0.111,82.987,160.45
1994,June,26.609,-0.709,84.259,213.32
1995,June,27.213,-0.287,83.734,218.71
1996,June,26.685,-0.521,84.46,214.74
1997,June,26.84,-1.18,81.584,134.42
1998,June,27.411,0.215,82.463,204.26
1999,June,26.515,-0.044,82.337,196.39
2000,June,26.439,-0.023,83.945,225.69
2001,June,26.808,0.395,82.53,158.23
2002,June,26.928,-0.45,83.403,161.08
2003,June,27.208,-1.489,78.656,135.61
2004,June,27.222,-0.054,79.774,111.64
2005,June,27.351,-0.226,81.624,126.39
2006,June,26.26,0.035,84.39,253.73
2007,June,26.549,-0.032,85.645,244.27
2008,June,26.294,-0.475,84.163,227.21
2009,June,27.171,-0.432,82.6,155.29
2010,June,26.885,0.435,83.522,211.37
2011,June,26.791,-0.44,83.548,185.05
2012,June,27.388,-0.586,80.642,115.47
2013,June,27.786,0.978,78.137,115.57
2014,June,27.757,-0.173,82.032,173.31
2015,June,26.918,-0.757,82.858,164.05
2016,June,27.228,0.023,82.363,149.7
2017,June,27.009,-0.334,82.768,141.9
2018,June,26.981,-0.199,83.196,202.91
2019,June,26.75,-0.645,85.966,272.25
2020,June,26.558,-0.401,85.136,316.2
2021,June,26.785,0.012,83.175,218.48
2022,June,26.491,0.476,83.147,255.95
1940,July,26.562,-1.353,80.491,88.38
1941,July,25.998,-1.369,81.347,127.01
1942,July,25.6,-0.644,86.184,132.28
1943,July,26.062,-0.936,82.645,126.82
1944,July,25.879,-0.397,84.642,178.92
1945,July,25.76,-0.577,84.63,182.77
1946,July,26.2,-1.812,79.787,68.54
1947,July,25.616,-0.698,85.47,199.62
1948,July,25.77,-0.922,84.412,194.82
1949,July,25.269,-0.716,76.454,76.33
1950,July,25.52,-0.45,85.105,206.72
1951,July,25.534,-0.929,84.772,141.55
1952,July,26.021,-0.812,82.567,96.02
1953,July,25.362,-1.224,86.528,198.38
1954,July,25.608,0.063,84.869,221.78
1955,July,26.079,0.593,84.597,161.0
1956,July,26.039,-0.002,82.918,137.29
1957,July,26.174,0.571,84.705,185.65
1958,July,27.079,-0.93,82.049,84.31
1959,July,26.378,-0.85,83.286,112.69
1960,July,26.209,-0.707,83.065,156.69
1961,July,26.218,-1.534,81.277,89.76
1962,July,26.822,-0.511,80.785,91.81
1963,July,26.265,-1.465,80.617,117.32
1964,July,25.414,-0.564,85.991,272.76
1965,July,26.031,-0.89,82.759,97.86
1966,July,25.813,-0.711,85.074,182.59
1967,July,25.984,-0.888,83.927,141.32
1968,July,26.22,0.932,83.726,138.36
1969,July,26.065,-0.955,81.565,140.85
1970,July,25.971,-0.431,83.526,148.36
1971,July,26.086,-0.351,81.731,109.97
1972,July,26.913,-1.678,78.372,59.3
1973,July,26.892,-0.383,81.678,118.2
1974,July,26.142,-0.457,83.031,185.55
1975,July,25.886,0.139,83.753,167.81
1976,July,26.091,-0.895,82.59,155.81
1977,July,26.375,-1.096,83.857,172.48
1978,July,26.502,-0.187,82.85,180.46
1979,July,26.287,-0.681,83.498,173.78
1980,July,26.51,-0.865,84.057,149.94
1981,July,26.447,-0.25,83.645,152.07
1982,July,26.624,-1.358,78.717,82.44
1983,July,26.332,-0.936,83.928,200.46
1984,July,25.51,-0.168,86.226,259.34
1985,July,25.781,0.297,84.098,180.92
1986,July,26.292,0.214,83.809,156.74
1987,July,26.451,-0.494,84.55,146.04
1988,July,26.37,-0.829,84.062,202.92
1989,July,26.823,-0.352,82.502,194.77
1990,July,26.289,0.647,83.619,161.24
1991,July,26.824,-1.031,81.581,132.93
1992,July,25.988,-0.257,84.997,245.86
1993,July,26.107,-0.144,85.414,249.52
1994,July,26.812,-1.58,78.542,48.44
1995,July,26.583,-0.796,82.38,213.94
1996,July,26.749,-0.405,82.505,165.55
1997,July,26.698,-1.65,80.399,116.07
1998,July,26.819,0.004,82.9,195.96
1999,July,26.312,0.005,82.273,199.62
2000,July,26.477,-0.426,83.306,147.34
2001,July,26.683,-0.476,81.781,153.86
2002,July,26.654,-0.605,83.672,175.96
2003,July,26.408,-0.953,80.868,168.56
2004,July,26.182,-0.411,82.433,232.43
2005,July,26.604,-0.273,81.63,162.9
2006,July,26.529,-0.795,83.901,196.01
2007,July,26.321,-0.343,84.074,264.84
2008,July,25.971,-1.189,84.795,219.49
2009,July,26.78,-0.633,80.554,123.71
2010,July,26.449,0.51,83.22,216.35
2011,July,26.721,-0.992,81.823,115.89
2012,July,26.425,-0.645,82.382,197.6
2013,July,26.81,0.174,81.403,156.22
2014,July,27.209,-0.504,82.258,196.07
2015,July,26.855,-1.334,82.533,136.95
2016,July,27.038,-0.216,82.155,159.34
2017,July,26.784,-0.408,81.673,136.04
2018,July,26.894,-0.77,82.325,120.02
2019,July,26.968,-1.459,80.268,115.79
2020,July,26.211,-0.618,84.794,262.63
2021,July,26.867,-0.432,81.619,182.12
2022,July,27.228,-0.562,81.031,160.22
1940,August,26.114,-1.595,82.995,113.4
1941,August,26.046,-1.85,82.237,148.41
1942,August,25.832,-0.583,84.103,171.0
1943,August,25.711,-0.787,83.844,139.0
1944,August,26.113,-1.179,82.029,100.53
1945,August,25.506,-0.483,85.233,202.34
1946,August,26.065,-1.364,80.289,89.29
1947,August,25.395,0.393,87.465,312.83
1948,August,25.76,-1.021,84.252,162.83
1949,August,25.148,-1.301,79.119,52.34
1950,August,25.165,-0.201,85.983,276.31
1951,August,26.102,-1.178,82.492,91.77
1952,August,26.098,-0.984,82.355,76.75
1953,August,25.919,-0.833,84.31,149.42
1954,August,25.745,-0.228,85.284,203.76
1955,August,25.613,0.112,85.825,236.04
1956,August,25.735,0.75,85.232,185.72
1957,August,26.009,-0.144,83.298,117.9
1958,August,25.861,0.264,85.805,258.32
1959,August,26.056,-1.234,81.277,104.19
1960,August,26.424,-0.985,82.922,171.53
1961,August,26.303,-1.812,79.968,86.61
1962,August,25.669,-0.285,83.114,202.21
1963,August,26.074,-1.375,82.379,125.64
1964,August,26.234,-0.806,80.81,93.85
1965,August,25.606,-1.064,82.36,172.19
1966,August,25.859,-1.074,83.794,189.21
1967,August,26.164,-1.279,81.203,71.79
1968,August,26.166,0.723,84.637,149.42
1969,August,25.402,-1.0,85.115,209.42
1970,August,25.986,-0.997,84.191,143.55
1971,August,25.3,-0.149,83.804,224.8
1972,August,26.356,-1.488,81.201,121.09
1973,August,26.307,-0.115,82.888,197.31
1974,August,26.447,-0.231,82.902,136.29
1975,August,26.379,-0.788,83.628,152.31
1976,August,26.096,-1.258,82.096,169.28
1977,August,26.089,-0.934,82.762,166.27
1978,August,26.529,0.22,83.297,160.43
1979,August,26.614,-1.05,82.728,131.56
1980,August,25.968,0.095,83.566,165.74
1981,August,26.855,-1.386,80.78,82.36
1982,August,26.26,-1.604,81.414,118.97
1983,August,26.449,-1.175,84.036,147.12
1984,August,26.024,0.262,84.822,164.25
1985,August,26.179,-0.695,83.719,163.49
1986,August,26.611,0.277,83.456,95.62
1987,August,26.283,-1.173,84.358,208.72
1988,August,25.866,-0.403,85.835,354.65
1989,August,26.454,0.132,83.391,162.37
1990,August,26.83,-0.164,82.868,141.91
1991,August,26.667,-1.46,81.145,146.94
1992,August,26.538,0.507,83.028,154.91
1993,August,26.517,-0.603,82.149,117.07
1994,August,26.381,-1.497,80.87,102.95
1995,August,26.105,-0.912,84.145,272.94
1996,August,26.251,-0.217,83.229,247.87
1997,August,26.593,-1.36,82.698,156.86
1998,August,26.134,0.354,84.666,324.37
1999,August,25.935,-0.326,82.597,175.43
2000,August,25.993,-0.315,83.457,199.03
2001,August,26.54,-0.106,83.41,202.8
2002,August,26.562,-0.84,81.044,138.19
2003,August,26.569,-0.617,82.7,167.91
2004,August,26.637,-1.622,78.452,84.49
2005,August,26.672,-0.554,81.811,146.99
2006,August,26.322,-1.179,82.121,137.0
2007,August,26.222,-0.57,82.167,203.71
2008,August,26.111,-0.775,83.807,252.43
2009,August,26.583,-0.274,82.458,223.74
2010,August,26.491,-0.08,83.398,211.19
2011,August,26.415,-0.931,82.969,154.03
2012,August,26.449,-1.234,81.568,178.74
2013,August,26.551,-0.769,81.63,161.01
2014,August,26.248,-0.683,83.04,260.65
2015,August,26.378,-1.327,82.924,144.97
2016,August,27.18,0.092,82.0,201.99
2017,August,26.508,-0.819,82.569,240.18
2018,August,26.879,-0.996,81.953,93.42
2019,August,27.002,-1.684,79.71,81.6
2020,August,26.789,-1.1,83.341,153.72
2021,August,26.201,-0.041,84.165,281.16
2022,August,26.72,-0.265,82.115,297.58
1940,September,25.628,-0.85,85.635,168.63
1941,September,25.386,-1.109,82.882,150.94
1942,September,25.314,0.502,86.257,228.71
1943,September,25.307,0.366,85.897,249.26
1944,September,25.615,-0.055,83.992,151.52
1945,September,25.779,-0.201,82.989,143.57
1946,September,25.68,-0.051,81.587,100.14
1947,September,25.125,0.146,87.615,275.8
1948,September,25.734,-0.741,83.131,135.96
1949,September,24.703,-0.023,79.774,66.61
1950,September,25.608,-0.027,86.197,183.68
1951,September,26.106,-1.95,80.217,76.67
1952,September,25.807,-0.725,83.627,142.65
1953,September,25.82,-0.878,83.875,127.42
1954,September,25.787,-0.124,83.687,153.86
1955,September,25.373,-0.32,87.405,262.64
1956,September,25.424,0.152,85.28,190.89
1957,September,26.103,-0.619,83.459,166.57
1958,September,26.15,0.165,83.756,213.84
1959,September,26.309,-1.677,80.283,91.6
1960,September,25.994,0.258,84.285,242.21
1961,September,26.133,-1.413,79.144,52.93
1962,September,26.136,-0.703,81.86,144.2
1963,September,26.086,-1.627,81.86,105.17
1964,September,25.936,0.19,83.721,225.5
1965,September,26.068,-1.073,80.664,133.49
1966,September,25.797,-0.597,83.627,153.63
1967,September,25.945,-1.268,82.345,106.83
1968,September,26.089,-0.461,81.313,161.58
1969,September,25.938,0.301,85.295,178.54
1970,September,25.811,0.174,83.794,250.81
1971,September,25.957,-0.301,83.662,154.55
1972,September,26.122,-0.972,82.752,198.79
1973,September,26.178,0.356,83.77,191.23
1974,September,25.838,0.054,84.509,201.02
1975,September,26.038,0.505,83.66,187.12
1976,September,26.168,-0.48,82.717,168.63
1977,September,26.149,-0.308,83.981,177.15
1978,September,26.256,0.524,84.076,170.57
1979,September,26.192,-0.646,84.955,229.34
1980,September,26.179,-0.156,85.443,183.86
1981,September,26.024,0.716,85.508,231.81
1982,September,26.096,-1.493,82.614,115.07
1983,September,26.174,-0.303,83.849,187.0
1984,September,25.495,0.487,85.854,268.26
1985,September,25.644,0.138,85.57,213.37
1986,September,25.743,0.758,85.515,316.2
1987,September,26.311,-0.479,83.863,224.19
1988,September,26.161,-0.18,84.825,252.47
1989,September,26.041,-0.083,83.954,227.74
1990,September,26.329,-0.207,83.553,225.34
1991,September,26.421,-0.616,82.514,144.36
1992,September,26.333,0.437,83.306,198.44
1993,September,26.197,-0.633,82.38,154.96
1994,September,26.575,-0.739,79.599,73.75
1995,September,26.606,-0.198,82.525,187.27
1996,September,26.483,0.663,83.74,190.82
1997,September,26.332,-2.403,82.335,95.51
1998,September,26.544,-0.043,83.792,179.44
1999,September,26.137,-0.167,82.844,188.6
2000,September,26.168,-1.019,83.261,264.64
2001,September,26.218,-0.377,83.341,204.27
2002,September,26.34,-0.477,82.022,163.99
2003,September,26.48,-0.215,82.505,171.67
2004,September,26.207,-1.307,82.505,212.07
2005,September,26.844,-0.479,82.073,180.36
2006,September,26.068,-0.666,82.927,163.2
2007,September,26.262,-0.071,82.571,215.21
2008,September,26.262,0.926,82.929,157.88
2009,September,26.839,0.233,82.503,153.48
2010,September,26.324,0.354,84.214,263.85
2011,September,26.538,-0.468,82.097,176.29
2012,September,26.503,-0.263,82.852,183.1
2013,September,26.351,0.23,83.395,251.03
2014,September,26.892,-1.027,79.229,95.89
2015,September,26.635,-1.135,82.755,96.52
2016,September,27.106,1.071,81.504,199.18
2017,September,26.548,-0.114,82.902,194.55
2018,September,26.676,-0.802,80.395,164.5
2019,September,26.926,-2.069,80.722,145.64
2020,September,25.968,-0.244,84.91,309.67
2021,September,26.538,-0.103,82.554,250.4
2022,September,26.557,0.437,81.228,167.53
1940,October,25.604,-0.616,83.341,171.04
1941,October,25.309,-0.469,84.475,194.78
1942,October,25.274,1.469,86.288,201.45
1943,October,24.916,1.359,87.48,310.25
1944,October,25.69,0.317,85.688,244.5
1945,October,25.278,1.13,85.891,232.81
1946,October,25.229,-0.282,86.156,241.99
1947,October,25.189,1.789,87.159,283.74
1948,October,25.595,-0.879,84.613,173.95
1949,October,25.443,0.717,77.432,36.3
1950,October,25.545,0.194,84.802,168.1
1951,October,26.038,-1.034,83.157,134.92
1952,October,25.857,0.851,85.636,216.48
1953,October,25.718,-0.549,86.083,192.18
1954,October,25.088,0.693,86.582,283.87
1955,October,25.669,0.539,86.397,299.77
1956,October,25.01,0.668,88.16,333.94
1957,October,25.735,-0.121,84.897,238.05
1958,October,25.546,1.276,87.442,300.29
1959,October,25.917,-0.327,82.672,227.7
1960,October,26.014,0.334,83.106,188.5
1961,October,26.279,-0.251,78.465,92.34
1962,October,26.067,0.849,83.638,209.55
1963,October,25.646,-0.426,83.897,211.97
1964,October,25.631,1.639,84.887,297.82
1965,October,25.614,-0.658,84.853,246.97
1966,October,25.353,0.852,86.821,280.11
1967,October,25.567,-0.572,82.802,228.61
1968,October,25.417,0.194,85.497,358.5
1969,October,25.595,-0.23,85.857,255.03
1970,October,25.928,1.959,85.621,186.98
1971,October,25.887,1.602,83.0,189.75
1972,October,25.939,-0.991,83.492,202.27
1973,October,26.047,0.178,85.26,262.39
1974,October,26.378,0.986,83.414,147.35
1975,October,26.309,0.924,82.143,174.6
1976,October,25.931,0.715,84.272,259.62
1977,October,26.239,-0.668,82.504,189.75
1978,October,26.039,0.959,84.81,205.61
1979,October,26.065,0.64,84.068,264.43
1980,October,26.104,1.254,84.879,215.18
1981,October,26.144,0.227,84.754,263.99
1982,October,25.802,-0.189,83.536,218.99
1983,October,26.428,0.027,83.672,229.6
1984,October,25.759,1.85,85.159,232.03
1985,October,25.455,0.724,86.832,286.26
1986,October,25.568,1.238,86.48,369.72
1987,October,26.271,-0.495,85.362,300.07
1988,October,26.59,1.982,84.311,184.56
1989,October,25.959,1.219,85.023,289.37
1990,October,25.979,0.004,86.114,288.21
1991,October,26.047,-0.824,82.622,253.29
1992,October,26.127,1.941,84.499,250.96
1993,October,25.821,0.029,85.077,221.24
1994,October,26.255,-0.905,81.624,193.96
1995,October,26.292,1.156,84.88,289.89
1996,October,26.017,1.462,84.341,313.89
1997,October,25.782,-0.807,84.575,257.8
1998,October,26.68,1.833,83.311,228.48
1999,October,25.757,1.053,85.354,335.16
2000,October,26.553,1.949,82.84,219.47
2001,October,26.45,1.596,83.066,234.54
2002,October,26.606,-0.641,81.029,210.42
2003,October,26.295,1.374,83.03,273.87
2004,October,25.899,-0.592,83.158,277.03
2005,October,26.223,1.085,82.43,261.31
2006,October,26.431,-1.105,81.223,168.79
2007,October,25.902,1.014,85.174,287.12
2008,October,26.134,0.759,84.514,250.52
2009,October,26.638,0.435,82.354,198.68
2010,October,26.811,1.041,82.746,213.49
2011,October,25.898,-0.492,85.334,349.02
2012,October,26.328,0.278,82.555,319.52
2013,October,26.345,0.62,83.276,249.83
2014,October,26.631,-0.56,81.691,184.43
2015,October,26.523,-1.882,82.326,187.63
2016,October,26.786,1.899,83.033,233.85
2017,October,26.778,0.799,82.675,202.14
2018,October,26.228,0.003,84.72,408.4
2019,October,26.171,-0.731,84.808,412.56
2020,October,26.686,0.946,82.736,147.31
2021,October,26.821,0.292,83.184,289.5
2022,October,26.27,1.421,82.963,376.22
1940,November,24.936,0.546,86.777,214.81
1941,November,25.064,0.704,87.591,352.71
1942,November,24.678,0.669,85.906,241.06
1943,November,24.711,0.382,88.998,337.3
1944,November,25.206,0.956,87.412,236.37
1945,November,24.513,0.623,88.386,347.42
1946,November,25.156,-0.053,85.181,228.13
1947,November,24.994,1.075,87.573,247.36
1948,November,24.618,-1.069,83.039,147.19
1949,November,25.146,0.238,81.862,113.81
1950,November,25.279,1.322,86.617,201.81
1951,November,25.857,-0.449,85.543,178.34
1952,November,25.131,0.861,87.505,247.77
1953,November,25.763,0.919,85.874,221.63
1954,November,24.772,1.829,86.952,289.81
1955,November,25.686,2.385,84.887,144.09
1956,November,24.885,0.197,88.71,383.27
1957,November,25.265,-0.706,85.462,204.1
1958,November,24.979,0.479,87.225,373.08
1959,November,25.259,0.873,86.31,266.93
1960,November,25.5,1.888,84.477,226.08
1961,November,25.3,-0.829,84.894,215.61
1962,November,25.296,0.6,85.071,237.69
1963,November,25.44,-0.87,83.81,166.87
1964,November,25.25,2.076,84.965,216.69
1965,November,25.199,0.475,86.739,275.42
1966,November,25.297,1.02,87.346,318.7
1967,November,24.67,0.149,88.091,379.45
1968,November,24.911,-0.19,86.457,248.4
1969,November,25.076,0.601,86.536,346.0
1970,November,25.354,0.74,86.572,239.19
1971,November,24.998,1.608,83.963,208.24
1972,November,25.858,0.082,84.754,240.2
1973,November,25.605,1.082,85.37,250.63
1974,November,25.582,1.204,84.848,207.93
1975,November,25.158,0.906,84.519,335.43
1976,November,25.432,0.607,85.526,236.61
1977,November,25.493,-0.494,84.939,246.0
1978,November,25.478,0.831,84.932,296.8
1979,November,25.392,0.078,87.349,349.82
1980,November,25.593,0.744,86.562,299.55
1981,November,26.148,1.952,83.038,209.49
1982,November,25.622,-0.514,85.69,270.13
1983,November,25.578,0.605,84.484,211.79
1984,November,24.922,-0.143,87.945,371.52
1985,November,25.197,1.566,87.188,281.01
1986,November,25.436,1.626,85.493,258.69
1987,November,26.333,1.743,84.852,341.55
1988,November,25.511,1.139,86.34,306.08
1989,November,25.445,0.416,86.029,231.99
1990,November,26.002,1.112,84.335,246.63
1991,November,24.631,0.563,88.389,415.64
1992,November,24.967,-0.061,86.239,287.86
1993,November,25.537,0.042,86.164,393.46
1994,November,24.837,-1.071,88.701,415.08
1995,November,25.657,0.975,86.104,311.12
1996,November,26.053,1.227,84.474,287.13
1997,November,25.495,-0.679,86.422,299.55
1998,November,26.424,2.28,83.617,178.24
1999,November,25.667,1.636,84.717,292.56
2000,November,25.803,0.105,85.499,281.36
2001,November,25.543,0.377,84.776,251.18
2002,November,25.893,0.248,84.043,391.27
2003,November,25.641,0.318,85.641,323.47
2004,November,25.607,-0.413,85.345,351.91
2005,November,25.823,1.602,85.007,303.61
2006,November,25.478,-0.556,86.907,402.25
2007,November,25.55,1.036,85.566,289.18
2008,November,25.952,1.002,86.445,333.65
2009,November,25.645,0.927,86.073,362.55
2010,November,25.918,0.535,86.042,399.68
2011,November,25.602,0.677,86.989,344.4
2012,November,25.92,0.553,85.522,457.71
2013,November,25.986,0.581,85.113,307.86
2014,November,25.648,0.239,86.464,381.53
2015,November,25.84,0.009,86.265,331.99
2016,November,25.893,1.149,86.245,405.8
2017,November,26.217,1.315,85.674,381.08
2018,November,26.05,0.254,85.702,400.55
2019,November,26.291,-0.241,84.545,250.7
2020,November,25.709,0.03,86.269,467.72
2021,November,26.335,0.921,84.916,284.04
2022,November,26.202,1.119,84.052,331.81
1940,December,24.232,0.059,88.04,284.7
1941,December,24.725,1.197,87.328,315.64
1942,December,23.891,-0.956,85.639,257.35
1943,December,24.041,-0.447,86.99,200.09
1944,December,24.848,2.202,85.786,202.7
1945,December,24.387,0.958,86.274,229.9
1946,December,24.862,0.184,87.077,216.36
1947,December,24.189,-0.265,88.05,254.51
1948,December,24.469,-1.123,86.282,151.89
1949,December,24.831,0.471,82.683,88.4
1950,December,24.783,-0.231,85.704,111.52
1951,December,25.105,-0.635,86.092,205.89
1952,December,24.553,-0.803,85.122,131.07
1953,December,24.95,-0.016,86.844,214.32
1954,December,24.365,-0.363,87.55,349.56
1955,December,24.272,-0.486,85.608,267.73
1956,December,24.406,0.313,86.538,221.09
1957,December,24.549,-0.239,89.896,344.83
1958,December,24.725,-1.148,83.242,162.54
1959,December,25.165,-0.175,83.668,168.04
1960,December,24.8,-0.494,85.45,208.43
1961,December,24.854,-0.292,86.602,284.11
1962,December,24.797,-0.733,82.822,122.23
1963,December,24.584,-0.608,86.504,199.38
1964,December,23.748,-0.692,87.786,315.84
1965,December,24.922,0.557,87.568,309.31
1966,December,24.97,1.086,87.392,299.9
1967,December,23.976,-1.322,87.308,232.71
1968,December,24.785,0.463,87.369,251.17
1969,December,24.348,-0.504,87.414,245.99
1970,December,24.962,0.355,85.895,220.26
1971,December,24.359,0.069,86.759,260.07
1972,December,25.094,0.188,87.471,278.73
1973,December,24.47,-0.107,85.196,186.22
1974,December,25.246,0.081,83.242,144.58
1975,December,24.897,0.406,82.499,132.67
1976,December,24.817,-0.265,85.549,201.34
1977,December,25.264,-0.819,84.462,162.36
1978,December,24.847,-0.855,84.6,152.6
1979,December,24.965,-0.817,82.848,121.87
1980,December,25.038,0.394,85.488,265.18
1981,December,24.675,-0.708,84.584,201.16
1982,December,24.812,-0.871,87.813,326.31
1983,December,24.241,0.054,87.837,335.63
1984,December,24.54,0.119,87.443,270.74
1985,December,24.804,0.036,87.022,286.45
1986,December,24.803,-1.293,86.59,237.33
1987,December,24.989,-0.088,87.048,433.28
1988,December,24.627,-0.906,83.203,99.51
1989,December,24.702,-1.583,86.033,239.28
1990,December,24.766,-0.741,86.498,214.26
1991,December,24.245,-0.566,90.169,704.91
1992,December,24.542,-0.382,87.998,291.45
1993,December,25.208,-0.117,85.681,289.32
1994,December,25.291,-0.248,84.619,223.22
1995,December,24.78,0.359,84.958,283.34
1996,December,25.026,0.808,84.442,366.89
1997,December,25.068,-0.872,87.985,365.65
1998,December,25.253,0.895,87.061,327.35
1999,December,25.15,0.593,84.521,225.11
2000,December,25.52,0.566,85.172,251.11
2001,December,25.101,0.534,85.156,473.8
2002,December,25.688,-0.936,86.487,272.81
2003,December,24.9,-0.676,85.04,281.45
2004,December,25.074,-0.551,83.668,294.46
2005,December,25.732,1.277,84.781,216.27
2006,December,25.112,-0.347,87.416,438.6
2007,December,24.895,-0.358,86.987,393.44
2008,December,25.185,0.533,85.178,274.35
2009,December,25.104,-1.059,87.208,321.08
2010,December,25.273,0.803,86.048,269.15
2011,December,25.081,-0.229,87.171,316.23
2012,December,25.245,-0.241,87.62,406.04
2013,December,25.229,-0.39,86.599,275.95
2014,December,25.269,0.217,87.438,487.75
2015,December,25.839,-0.527,85.454,279.68
2016,December,26.076,1.156,84.651,250.69
2017,December,25.796,0.046,84.315,211.69
2018,December,25.943,0.467,86.04,319.07
2019,December,25.315,-1.302,85.094,333.23
2020,December,25.631,0.259,85.363,247.5
2021,December,25.742,-0.136,84.28,209.62
2022,December,25.591,-0.22,84.726,265.89
